id;office_name;website;email;phone
1;past ugh;aw tambourine;Wyatt70@yahoo.com;795.937.1718 x7215
2;married official;acrobatic;Jonathan.Hand@hotmail.com;(622) 229-1012 x5650
3;whenever;now;Polly1@yahoo.com;944-298-7564 x9501
4;from surround usable;whenever;Delmer_Hodkiewicz61@hotmail.com;(687) 756-6732 x1148
5;afore caulk;modification pish;Maude.Macejkovic@yahoo.com;216-292-1172 x16567
6;jaggedly who;bully piercing phew;Johnathan72@yahoo.com;1-582-204-3780
7;failing biodegradable;than redirect;Leif57@hotmail.com;1-351-553-4490 x5279
8;compel;for unlike fatal;Trace.McDermott92@yahoo.com;968.994.2338 x33735
9;phew;tired mull boohoo;Rex13@yahoo.com;1-870-546-9868
10;memorize dynamite till;gladly;Taryn.Zulauf-Conn37@yahoo.com;(498) 500-9405
