id;first_name;middle_name;last_name;userid
1;Dedrick;judgementally gleefully since;Cassin;after rent
2;Peggie;rouge;Renner;so furthermore yuck
3;Jeremie;quicker nor never;Runte;ack bonnet
4;Carlo;considering inhere wholly;Gutmann;furthermore against flustered
5;Nasir;gladly;Bartoletti;fast knowingly
6;Kaia;thigh hmph misspell;Kutch;ew
7;Carter;that;Grady;towards accountability
8;Juana;hm;Collins;including
9;Adonis;speedily parade;Hackett;sadly rectangular
10;Enola;cord;Daugherty;harbour flimsy separation
